"Transaction ID","Announced Date","Closed Date","Transaction Type","Role","Target","Buyer/Investors","Sellers","Rounds","Round Type","Pre-Money Valuation ($mm)","Post-Money Valuation ($mm)","Size ($mm)","Aggregate Amount Raised ($mm)†"
"IQTR655566943",Feb-19-2020,Feb-19-2020,"Private Placement","Buyer","MRM Health NV","Ackermans & Van Haaren NV (ENXTBR:ACKB); DuPont de Nemours, Inc. (NYSE:DD); MRM Technologies N.V.; QBIC Venture Partners; VIB BV Buyer Funds: Qbic II",,1,"Series A","-","-","  15.38 ","  15.38 "
"IQTR648592841",Dec-18-2019,"-","Merger/Acquisition","Buyer","OxyMem Limited","DuPont de Nemours, Inc. (NYSE:DD)","Dow Venture Capital; Saudi Aramco Energy Ventures LLC","-","-","-","-","-","-"
"IQTR648237651",Dec-15-2019,"-","Merger/Acquisition","Seller","Nutrition & Biosciences business of DuPont de Nemours, Inc.","International Flavors & Fragrances Inc. (NYSE:IFF)","DuPont de Nemours, Inc. (NYSE:DD)","-","-","-","-","  26,200.0 ","-"
"IQTR647707213",Dec-11-2019,Jan-09-2020,"Merger/Acquisition","Buyer","Desalitech, Inc.","DuPont de Nemours, Inc. (NYSE:DD)","Aquagro Fund; Liberation Capital; Spring Creek Investments","-","-","-","-","-","-"
"IQTR639278235",Oct-03-2019,Jan-02-2020,"Merger/Acquisition","Buyer","Evoqua Water Technologies Membrane Systems Pty Ltd and MEMCOR® Product line","DuPont de Nemours, Inc. (NYSE:DD)","Evoqua Water Technologies (Shanghai) Co., Ltd.; Evoqua Water Technologies Corp. (NYSE:AQUA); Evoqua Water Technologies Limited; Evoqua Water Technologies LLC; Evoqua Water Technologies Ltd; Evoqua Water Technologies Pte. Ltd.","-","-","-","-","  110.0 ","-"
"IQTR636483003",Sep-10-2019,"-","Merger/Acquisition","Seller","Semiconductor Solutions Business of DuPont de Nemours, Inc","SK Siltron Co., Ltd.","DuPont de Nemours, Inc. (NYSE:DD)","-","-","-","-","  450.0 ","-"
"IQTR618084763",Jun-03-2019,"-","Buyback","Target","DuPont de Nemours, Inc. (NYSE:DD)",,,"-","-","-","-","  2,000.0 ","-"
"IQTR596995860",Jan-03-2019,Jan-03-2019,"Merger/Acquisition","Seller","Quizalofop product line of DowDuPont Inc.","American Vanguard Corporation (NYSE:AVD)","DowDuPont Inc. (nka:DuPont de Nemours, Inc. (NYSE:DD))","-","-","-","-","-","-"
"IQTR591025355",Nov-12-2018,Nov-12-2018,"Private Placement","Buyer","Flyability SA","DowDuPont Inc. (nka:DuPont de Nemours, Inc. (NYSE:DD)); Environmental Technologies Fund LP; Go Beyond Ltd., Endowment Arm; MKS Alternative Investments; Swisscom Ventures",,4,"Series B","-","-","  11.0 ","  15.3 "
"IQTR589865174",Nov-01-2018,Feb-28-2019,"Buyback","Target","DowDuPont Inc. (nka:DuPont de Nemours, Inc. (NYSE:DD))",,,"-","-","-","-","  3,000.0 ","-"
"IQTR575009459",Jul-23-2018,Dec-01-2018,"Merger/Acquisition","Seller","European Extruded Polystyrene Insulation (XPS) Business of DowDuPont Inc.","Ravago S.A.","DowDuPont Inc. (nka:DuPont de Nemours, Inc. (NYSE:DD))","-","-","-","-","-","-"
"IQTR562453352",May-01-2018,Apr-30-2018,"Merger/Acquisition","Buyer","Half of the Working Interest in 116 Locations Within Barnett Shale Position of Devon Energy","DowDuPont Inc. (nka:DuPont de Nemours, Inc. (NYSE:DD))","Devon Energy Corporation (NYSE:DVN)","-","-","-","-","  75.0 ","-"
"IQTR542473544",Nov-02-2017,Sep-30-2018,"Buyback","Target","DowDuPont Inc. (nka:DuPont de Nemours, Inc. (NYSE:DD))",,,"-","-","-","-","  4,000.0 ","-"
"IQTR546905224",Oct-11-2017,Dec-18-2017,"Merger/Acquisition","Seller","Polyvinylidene Chloride Business of DowDuPont Inc.","SK Global Chemical Co., Ltd.","DowDuPont Inc. (nka:DuPont de Nemours, Inc. (NYSE:DD))","-","-","-","-","  75.0 ","-"
"IQTR418824441",Feb-02-2017,Sep-01-2017,"Merger/Acquisition","Seller","The Dow Chemical Company, Ethylene Acrylic Acid Business Unit","SK Global Chemical Co., Ltd.","The Dow Chemical Company (nka:DuPont de Nemours, Inc. (NYSE:DD))","-","-","-","-","  370.0 ","-"
"IQTR414117046",Dec-07-2016,Dec-06-2017,"Private Placement","Buyer","XG Sciences, Inc.","The Dow Chemical Company (nka:DuPont de Nemours, Inc. (NYSE:DD))",,5,"Debt","-","-","  5.0 ","  13.0 "
"IQTR417501901",Nov-14-2016,Nov-30-2016,"Merger/Acquisition","Seller","The Dow Chemical Company, Hazardous Waste Treatment Facility in Schkopau, Germany","Suez SA (ENXTPA:SEV)","The Dow Chemical Company (nka:DuPont de Nemours, Inc. (NYSE:DD))","-","-","-","-","-","-"
"IQTR329771498",Mar-31-2016,Jun-01-2016,"Merger/Acquisition","Seller","The Dow Chemical Company, Global Specialty Films Business","Transilwrap Company, Inc. (nka:Transcendia Inc.)","The Dow Chemical Company (nka:DuPont de Nemours, Inc. (NYSE:DD))","-","-","-","-","-","-"
"IQTR319129967",Dec-11-2015,Aug-31-2017,"Merger/Acquisition","Buyer","E. I. du Pont de Nemours and Company","The Dow Chemical Company (nka:DuPont de Nemours, Inc. (NYSE:DD))","Trian Fund Management, L.P.","-","-","-","-","  72,632.89 ","-"
"IQTR319131279",Dec-11-2015,Apr-01-2019,"Spin-Off/Split-Off","Seller","Dow Inc. (NYSE:DOW)",,"The Dow Chemical Company (nka:DuPont de Nemours, Inc. (NYSE:DD))","-","-","-","-","  21,074.74 ","-"
"IQTR319131280",Dec-11-2015,Jun-01-2019,"Spin-Off/Split-Off","Seller","Corteva, Inc. (NYSE:CTVA)",,"The Dow Chemical Company (nka:DuPont de Nemours, Inc. (NYSE:DD))","-","-","-","-","  10,249.87 ","-"
"IQTR319150565",Dec-11-2015,May-31-2016,"Merger/Acquisition","Buyer","Dow Corning Corporation (nka:Dow Silicones Corporation)","The Dow Chemical Company (nka:DuPont de Nemours, Inc. (NYSE:DD))","Corning Incorporated (NYSE:GLW)","-","-","-","-","-","-"
"IQTR319131277",Dec-11-2015,Jun-03-2019,"Spin-Off/Split-Off","Seller","DowDuPont, Specialty Products Business",,"The Dow Chemical Company (nka:DuPont de Nemours, Inc. (NYSE:DD))","-","-","-","-","-","-"
"IQTR317319445",Nov-19-2015,Mar-01-2016,"Merger/Acquisition","Buyer","The Chemours Company., Aniline Facility","DuPont de Nemours, Inc. (NYSE:DD)","The Chemours Company (NYSE:CC)","-","-","-","-","  140.0 ","-"
"IQTR314950642",Oct-22-2015,Dec-23-2015,"Merger/Acquisition","Seller","MEGlobal B.V.","EQUATE Petrochemical Company K.S.C.C.","DuPont de Nemours, Inc. (NYSE:DD); Petrochemical Industries Company K.S.C.","-","-","-","-","  3,200.0 ","-"
"IQTR289695945",Mar-27-2015,Oct-05-2015,"Merger/Acquisition","Seller","The Dow Chemical Company, Chlor-Alkali and Downstream Derivatives Businesses","Olin Corporation (NYSE:OLN)","DuPont de Nemours, Inc. (NYSE:DD)","-","-","-","-","  5,370.66 ","-"
"IQTR282213057",Jan-16-2015,Dec-22-2014,"Merger/Acquisition","Seller","Advanced Electrolyte Technologies LLC","Ube Industries, Ltd. (TSE:4208)","DuPont de Nemours, Inc. (NYSE:DD)","-","-","-","-","-","-"
"IQTR280158089",Dec-17-2014,Dec-17-2014,"Merger/Acquisition","Seller","RainStor Inc.","Teradata Corporation (NYSE:TDC)","Doughty Hanson & Co. Technology Ventures; DuPont de Nemours, Inc. (NYSE:DD); Rogers Ventures Partners; Storm Ventures LLC","-","-","-","-","-","-"
"IQTR279182671",Dec-05-2014,Jan-30-2015,"Merger/Acquisition","Seller","Sodium Borohydride Business","Vertellus Specialties Inc.","DuPont de Nemours, Inc. (NYSE:DD); Rohm and Haas Company","-","-","-","-","  190.0 ","-"
"IQTR279194779",Dec-05-2014,Feb-01-2015,"Merger/Acquisition","Seller","The Dow Chemical Company, Polyolefin Films Plant in Ohio","Valfilm North America, Inc.","DuPont de Nemours, Inc. (NYSE:DD)","-","-","-","-","-","-"
"IQTR260241579",Mar-11-2014,Mar-11-2014,"Merger/Acquisition","Seller","The Dow Chemical Company, 50-Acre Site","Core Real Estate, LLC","DuPont de Nemours, Inc. (NYSE:DD)","-","-","-","-","-","-"
"IQTR254487146",Jan-21-2014,Dec-31-2013,"Merger/Acquisition","Target","DuPont de Nemours, Inc. (NYSE:DD)","Third Point LLC",,"-","-","-","-","  1,300.0 ","-"
"IQTR252035557",Nov-22-2013,Nov-22-2013,"Merger/Acquisition","Seller","Dow Kokam LLC (nka:XALT Energy, LLC)","MBP Investors, LLC","DuPont de Nemours, Inc. (NYSE:DD)","-","-","-","-","-","-"
"IQTR248569304",Oct-18-2013,Oct-18-2013,"Merger/Acquisition","Seller","The Dow Chemical Company, 350,000-Square-Foot Property","Keystone Property Group Inc.; Mack-Cali Realty Corporation (NYSE:CLI); Parkway Corporation","DuPont de Nemours, Inc. (NYSE:DD)","-","-","-","-","  40.5 ","-"
"IQTR248215420",Oct-11-2013,Dec-02-2013,"Merger/Acquisition","Seller","The Dow Chemical Company, UNIPOL Polypropylene Licensing and Catalysts Business","W. R. Grace & Co. (NYSE:GRA)","DuPont de Nemours, Inc. (NYSE:DD)","-","-","-","-","  500.0 ","-"
"IQTR228627714",Feb-15-2013,"-","Buyback","Target","DuPont de Nemours, Inc. (NYSE:DD)",,,"-","-","-","-","  8,103.57 ","-"
"IQTR226977316",Feb-01-2013,Jan-31-2013,"Merger/Acquisition","Seller","The Dow Chemical Company, Polymer Stabilizer And Lubricant Business","PMC Group, Inc.","DuPont de Nemours, Inc. (NYSE:DD)","-","-","-","-","-","-"
"IQTR222568174",Sep-21-2012,Oct-04-2012,"Private Placement","Buyer","RainStor Inc.","Doughty Hanson & Co. Technology Ventures; DuPont de Nemours, Inc. (NYSE:DD); Rogers Ventures Partners; Storm Ventures LLC",,3,"Series C","-","-","  12.04 ","  14.82 "
"IQTR212802160",Jul-02-2012,Jul-02-2012,"Merger/Acquisition","Seller","The Dow Chemical Company, TP-Series Specialty Plasticizer Product Line","The HallStar Company","DuPont de Nemours, Inc. (NYSE:DD)","-","-","-","-","-","-"
"IQTR276711192",Feb-15-2012,Dec-31-2011,"Merger/Acquisition","Seller","The Dow Chemical Company, Dow Haltermann",,"DuPont de Nemours, Inc. (NYSE:DD)","-","-","-","-","-","-"
"IQTR183239057",Aug-19-2011,Apr-02-2012,"Merger/Acquisition","Seller","The Dow Chemical Company, California Chemical Plant in Torrance","Hager Pacific Properties","DuPont de Nemours, Inc. (NYSE:DD)","-","-","-","-","-","-"
"IQTR138457241",Jul-27-2011,Sep-30-2011,"Merger/Acquisition","Seller","The Dow Chemical Company, Global Polypropylene Business","Braskem America, Inc.","DuPont de Nemours, Inc. (NYSE:DD)","-","-","-","-","  340.0 ","-"
"IQTR137657543",Jul-19-2011,Nov-08-2011,"Merger/Acquisition","Seller","Santa Vitoria Acucar e Alcool Ltda.","Mitsui & Co., Ltd. (TSE:8031)","DuPont de Nemours, Inc. (NYSE:DD)","-","-","-","-","  200.0 ","-"
"IQTR137642981",Jul-18-2011,Jul-16-2011,"Merger/Acquisition","Seller","Haltermann Carless Deutschland GmbH","H.I.G. Europe","DuPont de Nemours, Inc. (NYSE:DD)","-","-","-","-","-","-"
"IQTR117534563",Dec-24-2010,Apr-01-2011,"Merger/Acquisition","Seller","Dexco Polymers Operating Company LLC","TSRC Corporation (TSEC:2103)","DuPont de Nemours, Inc. (NYSE:DD)","-","-","-","-","-","-"
"IQTR115291067",Nov-01-2010,Oct-29-2010,"Merger/Acquisition","Seller","Arakawa Europe GmbH","Arakawa Chemical Industries, Ltd. (TSE:4968)","DuPont de Nemours, Inc. (NYSE:DD)","-","-","-","-","-","-"
"IQTR115504576",Oct-27-2010,Jun-30-2010,"Merger/Acquisition","Seller","Sumitomo Dow Limited (nka:Sumika Polycarbonate Limited)","Trinseo S.A. (NYSE:TSE)","DuPont de Nemours, Inc. (NYSE:DD)","-","-","-","-","  47.8 ","-"
"IQTR114075745",Oct-03-2010,Oct-01-2010,"Merger/Acquisition","Seller","LG Polycarbonate Ltd.","LG Chem, Ltd. (KOSE:A051910)","DuPont de Nemours, Inc. (NYSE:DD)","-","-","-","-","  65.74 ","-"
"IQTR104489868",Apr-06-2010,Apr-06-2010,"Merger/Acquisition","Seller","The Dow Chemical Company, Plant in Orleans","Orrion Chemicals SAS","DuPont de Nemours, Inc. (NYSE:DD)","-","-","-","-","-","-"
"IQTR98921153",Mar-02-2010,Jun-17-2010,"Merger/Acquisition","Seller","Trinseo S.A. (NYSE:TSE)","Bain Capital Private Equity, LP","DuPont de Nemours, Inc. (NYSE:DD)","-","-","-","-","  1,630.0 ","-"
"IQTR62707012",Sep-10-2009,May-14-2010,"Merger/Acquisition","Seller","The Dow Chemical Company, Hollow Sphere Plastic Pigment Product Line","OMNOVA Solutions Inc. (NYSE:OMN)","DuPont de Nemours, Inc. (NYSE:DD)","-","-","-","-","  2.5 ","-"
"IQTR61684374",Jul-31-2009,Jan-25-2010,"Merger/Acquisition","Seller","The Dow Chemical Company, Certain Acrylates and Latex Assets in North America","Arkema S.A. (ENXTPA:AKE)","DuPont de Nemours, Inc. (NYSE:DD)","-","-","-","-","  50.0 ","-"
"IQTR54147510",Jun-02-2009,May-28-2009,"Merger/Acquisition","Seller","Midland Cogeneration Venture Limited Partnership","EQT Partners AB; Fortistar, LLC Buyer Funds: EQT Infrastructure, L.P.","DuPont de Nemours, Inc. (NYSE:DD); GSO Capital Partners LP; MCV Power Holdings, LP; Rockland Capital, LP","-","-","-","-","-","-"
"IQTR59186379",May-20-2009,Jun-30-2009,"Merger/Acquisition","Seller","Dow Chemical Co., Calcium Chloride Business","Occidental Petroleum Corporation (NYSE:OXY)","DuPont de Nemours, Inc. (NYSE:DD)","-","-","-","-","  210.0 ","-"
"IQTR53893533",Mar-09-2009,Apr-01-2009,"Private Placement","Target","DuPont de Nemours, Inc. (NYSE:DD)","Paulson & Co. Inc.; Paulson Enhanced Ltd.; Paulson International Ltd. Buyer Funds: dbX-Risk Arbitrage 1 Fund; Paulson Advantage Master Ltd.; Paulson Advantage Plus Master Ltd.; Paulson Advantage Select Master Fund Ltd.; Paulson Partners Enhanced, L.P.; Paulson Partners L.P.",,2,"PIPE","-","-","  3,000.0 ","  7,000.0 "
"IQTR52683546",Jan-29-2009,Jan-29-2009,"Merger/Acquisition","Seller","Dow Chemical Co., Cartagena and Joliet Marine Terminals","Oiltanking GmbH","DuPont de Nemours, Inc. (NYSE:DD)","-","-","-","-","-","-"
"IQTR52415095",Jan-22-2009,Jan-22-2009,"Merger/Acquisition","Seller","Centive, Inc.","Xactly Corporation","BancBoston Ventures, Inc.; DuPont de Nemours, Inc. (NYSE:DD); Eastward Capital Partners, LLC.; Infinity Capital, L.L.C.; Key Venture Partners; KPMG LLP; NMP Management Corporation; Polaris Partners; Synygy, Inc. (nka:SPM Global Services, Inc.); VSP Capital Seller Funds: Noro-Moseley Partners IV, LP","-","-","-","-","-","-"
"IQTR51950615",Jan-05-2009,Dec-31-2008,"Merger/Acquisition","Seller","Dow Chemical Co., Thermoplastic Polyurethane Business","The Lubrizol Corporation","DuPont de Nemours, Inc. (NYSE:DD)","-","-","-","-","  59.9 ","-"
"IQTR46649820",Jul-11-2008,Jul-11-2008,"Merger/Acquisition","Seller","Dow Chemical Co., Trymer Polyisocyanurate Rigid Foam Business","ITW Insulation Systems, Inc.","DuPont de Nemours, Inc. (NYSE:DD)","-","-","-","-","-","-"
"IQTR46616221",Jul-10-2008,Apr-01-2009,"Merger/Acquisition","Buyer","Rohm and Haas Company","DuPont de Nemours, Inc. (NYSE:DD)",,"-","-","-","-","  18,985.27 ","-"
"IQTR46649456",Jul-07-2008,Apr-01-2009,"Private Placement","Target","DuPont de Nemours, Inc. (NYSE:DD)","Berkshire Hathaway Inc. (NYSE:BRK.A); Kuwait Investment Authority",,1,"PIPE","-","-","  4,000.0 ","  4,000.0 "
"IQTR42373769",Feb-29-2008,Feb-29-2008,"Merger/Acquisition","Seller","Johann Haltermann Ltd.","Monument Chemicals, Inc.","DuPont de Nemours, Inc. (NYSE:DD)","-","-","-","-","-","-"
"IQTR38061319",Feb-19-2008,Nov-29-2007,"Merger/Acquisition","Buyer","Three Companies In Epoxy Business","DuPont de Nemours, Inc. (NYSE:DD)",,"-","-","-","-","-","-"
"IQTR41108161",Feb-05-2008,Feb-05-2008,"Merger/Acquisition","Buyer","Sostram Corporation, Protram Marketing & Registration Assets","DuPont de Nemours, Inc. (NYSE:DD)","Sostram Corporation","-","-","-","-","-","-"
"IQTR38971048",Nov-13-2007,Feb-13-2008,"Merger/Acquisition","Buyer","Pacific Plastics (Thailand) Limited","DuPont de Nemours, Inc. (NYSE:DD)","The Siam Cement Public Company Limited (SET:SCC)","-","-","-","-","-","-"
"IQTR37412372",Sep-25-2007,Nov-15-2007,"Merger/Acquisition","Seller","Dow Chemical Co., Ethafoam Business","Sealed Air Corporation (NYSE:SEE)","DuPont de Nemours, Inc. (NYSE:DD)","-","-","-","-","-","-"
"IQTR37254020",Sep-19-2007,Nov-05-2007,"Merger/Acquisition","Buyer","Edulan A/S","DuPont de Nemours, Inc. (NYSE:DD)",,"-","-","-","-","-","-"
"IQTR36688063",Sep-03-2007,Sep-03-2007,"Merger/Acquisition","Seller","Petroquimica Uniao S.A. (nka:Quattor Químicos Básicos S.A.)","Braskem Petroquímica S.A.","DuPont de Nemours, Inc. (NYSE:DD)","-","-","-","-","  13.56 ","-"
"IQTR36316209",Aug-14-2007,Aug-14-2007,"Merger/Acquisition","Buyer","Kemeta, LLC","DuPont de Nemours, Inc. (NYSE:DD)",,"-","-","-","-","-","-"
"IQTR36254668",Aug-13-2007,Dec-05-2007,"Merger/Acquisition","Seller","Dow Chemical Co., Western Canada Caustic Soda Distribution Assets","Univar Canada Ltd.","DuPont de Nemours, Inc. (NYSE:DD)","-","-","-","-","-","-"
"IQTR35246121",Jun-26-2007,Jun-30-2007,"Merger/Acquisition","Seller","Petroquimica Uniao S.A. (nka:Quattor Químicos Básicos S.A.)","Unipar Participações S.A. (nka:Unipar Carbocloro S.A. (BOVESPA:UNIP6))","DuPont de Nemours, Inc. (NYSE:DD)","-","-","-","-","-","-"
"IQTR33089655",Mar-05-2007,Apr-27-2007,"Merger/Acquisition","Buyer","Hyperlast Limited","DuPont de Nemours, Inc. (NYSE:DD)","Vita (Holdings) Limited","-","-","-","-","  290.47 ","-"
"IQTR33089659",Mar-05-2007,Apr-27-2007,"Merger/Acquisition","Buyer","Autothane Limited","DuPont de Nemours, Inc. (NYSE:DD)","British Vita (Lux III) S.à r.l. (nka:Vita (Lux III) S.à r.l.)","-","-","-","-","-","-"
"IQTR29827169",Feb-20-2007,Sep-30-2008,"Buyback","Target","DuPont de Nemours, Inc. (NYSE:DD)",,,"-","-","-","-","  2,000.0 ","-"
"IQTR30742964",Dec-18-2006,Jun-30-2007,"Merger/Acquisition","Buyer","Wolff Walsrode AG (nka:Dow Wolff Cellulosics GmbH)","DuPont de Nemours, Inc. (NYSE:DD)","Bayer Aktiengesellschaft (XTRA:BAYN)","-","-","-","-","  731.41 ","-"
"IQTR30674535",Dec-14-2006,Dec-14-2006,"Merger/Acquisition","Seller","Chrome International South Africa (Pty) Limited","LANXESS Aktiengesellschaft (XTRA:LXS)","DuPont de Nemours, Inc. (NYSE:DD)","-","-","-","-","  30.27 ","-"
"IQTR30374872",Nov-22-2006,Feb-05-2007,"Merger/Acquisition","Seller","Dow Chemical Co., Brazilian VAM Manufacturing Facility","The JB Group","DuPont de Nemours, Inc. (NYSE:DD)","-","-","-","-","-","-"
"IQTR29808386",Oct-05-2006,Oct-02-2006,"Merger/Acquisition","Seller","DH Compounding Company","PolyOne Corporation (NYSE:POL)","DuPont de Nemours, Inc. (NYSE:DD)","-","-","-","-","  10.2 ","-"
"IQTR29397473",Oct-04-2006,Oct-23-2006,"Merger/Acquisition","Seller","Dendritic NanoTechnologies Inc.","Starpharma Holdings Limited (ASX:SPL)","DuPont de Nemours, Inc. (NYSE:DD)","-","-","-","-","  7.18 ","-"
"IQTR29394784",Oct-03-2006,Nov-01-2006,"Merger/Acquisition","Seller","SilverStorm Technologies, Inc.","QLogic Corp.","A.G. Edwards Capital, Inc.; Arch Venture Partners, L.P.; Axiom Venture Partners, L.P.; Bay Partners; Castile Ventures; Chevron Technology Ventures L.L.C.; Core Management II Corporation; CrossLink Capital, Inc.; DuPont de Nemours, Inc. (NYSE:DD); W Capital Management, LLC; Wasserstein & Co., L.P. Seller Funds: Core Capital Partners II, L.P.; Wasserstein Ventures II, L.P.","-","-","-","-","  59.4 ","-"
"IQTR28910970",Aug-31-2006,Dec-01-2006,"Merger/Acquisition","Buyer","American Electric Power Co. Inc., Plaquemine Cogeneration Facility","DuPont de Nemours, Inc. (NYSE:DD)","American Electric Power Company, Inc. (NYSE:AEP)","-","-","-","-","  64.0 ","-"
"IQTR37613777",Aug-08-2006,Aug-14-2006,"Merger/Acquisition","Buyer","Styron Asia Limited","DuPont de Nemours, Inc. (NYSE:DD)","Asahi Kasei Corporation (TSE:3407)","-","-","-","-","-","-"
"IQTR28641907",Jul-13-2006,Jul-13-2006,"Merger/Acquisition","Seller","Dow Chemical Co., Smithfield Manufacturing Facility","Alexion Pharmaceuticals, Inc. (NasdaqGS:ALXN)","DuPont de Nemours, Inc. (NYSE:DD)","-","-","-","-","  13.0 ","-"
"IQTR25875873",Feb-10-2006,Jul-31-2006,"Merger/Acquisition","Seller","Dow Chemical Co., Superabsorbent Business","Degussa AG (nka:Evonik Degussa GmbH)","DuPont de Nemours, Inc. (NYSE:DD)","-","-","-","-","-","-"
"IQTR23064609",Jul-14-2005,Mar-31-2007,"Buyback","Target","DuPont de Nemours, Inc. (NYSE:DD)",,,"-","-","-","-","  1,022.28 ","-"
"IQTR20386880",Jan-31-2005,Jan-31-2005,"Merger/Acquisition","Buyer","PBBPolisur S.A.","DuPont de Nemours, Inc. (NYSE:DD)","Repsol YPF, S.A. (nka:Repsol, S.A. (BME:REP))","-","-","-","-","  97.5 ","-"
"IQTR13696815",Jan-20-2005,Jan-31-2005,"Merger/Acquisition","Seller","Cargill Dow LLC (nka:NatureWorks LLC)","Cargill, Incorporated","DuPont de Nemours, Inc. (NYSE:DD)","-","-","-","-","-","-"
"IQTR13497957",Jan-03-2005,Jun-30-2005,"Merger/Acquisition","Seller","DuPont Dow Elastomers LLC (nka:DuPont Performance Elastomers LLC)","E. I. du Pont de Nemours and Company","DuPont de Nemours, Inc. (NYSE:DD)","-","-","-","-","  87.0 ","-"
"IQTR12485806",Nov-04-2004,Dec-29-2004,"Merger/Acquisition","Seller","The Dow Chemical Co., Derakane Epoxy Vinyl Ester Resin Business","Ashland Composite Polymers","DuPont de Nemours, Inc. (NYSE:DD)","-","-","-","-","  92.0 ","-"
"IQTR12416728",Oct-28-2004,Oct-28-2004,"Merger/Acquisition","Seller","DNA Research Innovations Limited","Invitrogen Corp. (nka:Life Technologies Corporation)","Advent Venture Partners; Dow Venture Capital; DuPont de Nemours, Inc. (NYSE:DD); Enterprise Venture Capital Trust Plc (nka:Enterprise VCT plc); Esprit Capital Partners (nka:Draper Esprit plc (AIM:GROW)); Foresight 3 VCT plc; Noble Fund Managers Ltd (nka:Amati Global Investors Ltd.); Prelude Trust plc","-","-","-","-","  65.0 ","-"
"IQTR30530988",Jul-31-2004,"-","Merger/Acquisition","Seller","Dow Chemical Co., Bulk Liquid Terminal and Marine Facilities",,"DuPont de Nemours, Inc. (NYSE:DD)","-","-","-","-","-","-"
"IQTR23857902",Jul-29-2004,Jul-29-2004,"Merger/Acquisition","Buyer","Petroquimica Dow S.A.","DuPont de Nemours, Inc. (NYSE:DD)","Empresa Nacional del Petróleo","-","-","-","-","  4.09 ","-"
"IQTR6958912",Sep-12-2003,Feb-01-2004,"Merger/Acquisition","Buyer","Celanese AG, Acrylics Business","DuPont de Nemours, Inc. (NYSE:DD)","Blackstone Crystal Holdings Capital Partners (Cayman) IV Ltd. (nka:Celanese Corporation (NYSE:CE))","-","-","-","-","  166.0 ","-"
"IQTR4280612",Jan-27-2003,Jan-27-2003,"Private Placement","Buyer","Centive, Inc.","BancBoston Ventures, Inc.; DuPont de Nemours, Inc. (NYSE:DD); Infinity Capital, L.L.C.; Polaris Partners; Thomas Weisel Capital Management, LLC; Venture Strategy Partners (VSP) (nka:VSP Capital)",,5,"Series E","  42.0 ","  60.0 ","  18.0 ","  72.3 "
"IQTR1465621",Jan-07-2002,Jan-07-2002,"Private Placement","Buyer","AmberWave Systems Corporation (nka:AmberWave, Inc.)","Adams Capital Management, Inc.; Arch Venture Partners, L.P.; DuPont de Nemours, Inc. (NYSE:DD); Telesoft Partners; The Hillman Company",,3,"Series B","-","-","  25.0 ","  45.75 "
"IQTR1438792",Dec-19-2001,"-","Private Placement","Buyer","Trade-Ranger Inc.","Conoco Inc.; DuPont de Nemours, Inc. (NYSE:DD); Eni S.p.A. (BIT:ENI); Equilon Enterprises LLC; INEXUS Group Limited; Mitsubishi Corporation (TSE:8058); Motiva Enterprises LLC; Phillips Petroleum Company (nka:ConocoPhillips (NYSE:COP)); Repsol YPF, S.A. (nka:Repsol, S.A. (BME:REP)); Shell Internet Ventures BV; Solvay SA (ENXTBR:SOLB); Statoil ASA (nka:Equinor ASA (OB:EQNR)); Unocal Corporation",,1,"Series B","-","-","-","   -  "
"IQTR1033600",Jul-24-2001,Aug-27-2001,"Merger/Acquisition","Buyer","Celotex Corporation, Foam-Insulation Business","DuPont de Nemours, Inc. (NYSE:DD)","Celotex Corporation","-","-","-","-","-","-"
"IQTR28493597",May-08-2001,May-08-2001,"Merger/Acquisition","Seller","Dow Chemical Company, Fluid Bed Driers","Magnesium International Ltd. (nka:Integrated Green Energy Solutions Ltd (ASX:IGE))","DuPont de Nemours, Inc. (NYSE:DD)","-","-","-","-","-","-"
"IQTR796442",Mar-29-2001,Jun-01-2001,"Merger/Acquisition","Buyer","Ascot plc","DuPont de Nemours, Inc. (NYSE:DD)",,"-","-","-","-","  729.4 ","-"
"IQTR9261304",Mar-23-2001,Apr-01-2001,"Merger/Acquisition","Buyer","Basell N.V., Polypropylene Manufacturing Plant","DuPont de Nemours, Inc. (NYSE:DD)","LyondellBasell Industries N.V. (NYSE:LYB)","-","-","-","-","-","-"
"IQTR1450636",Mar-06-2001,Jan-02-2002,"Merger/Acquisition","Buyer","Reichhold Inc., Carpet & Latex Paper Businesses","DuPont de Nemours, Inc. (NYSE:DD)","Reichhold LLC 2","-","-","-","-","-","-"
"IQTR9317251",Feb-16-2001,Feb-16-2001,"Private Placement","Buyer","iCARumba, Inc.","Arch Venture Partners, L.P.; DuPont de Nemours, Inc. (NYSE:DD); Excite@Home (nka:At Home Corporation); XDL Intervest Capital Corp. Buyer Funds: XDL Ventures Fund, L.P.",,1,"Venture","-","-","  8.0 ","  8.0 "
"IQTR944753",Feb-09-2001,Apr-30-2001,"Merger/Acquisition","Buyer","EniChem S.p.A., Polyurethane Business","DuPont de Nemours, Inc. (NYSE:DD)","Enichem S.p.A. (nka:Syndial S.p.A.)","-","-","-","-","  307.84 ","-"
"IQTR9328540",Feb-05-2001,Apr-01-2001,"Merger/Acquisition","Seller","The Dow Chemical Company, Global Ethyleneamines Business","Huntsman ICI Holdings LLC (HICI) (nka:Huntsman International Holdings LLC)","DuPont de Nemours, Inc. (NYSE:DD)","-","-","-","-","-","-"
"IQTR9328586",Feb-05-2001,Feb-12-2001,"Merger/Acquisition","Seller","The Dow Chemical Company, North American GAS/SPEC Business","INEOS Group Limited","DuPont de Nemours, Inc. (NYSE:DD)","-","-","-","-","-","-"
"IQTR661280",Jan-01-2001,Jan-01-2001,"Merger/Acquisition","Buyer","Pacific Epoxy Co., Ltd.","DuPont de Nemours, Inc. (NYSE:DD)","Woongjin Chemical Co., Ltd. (nka:Toray Chemical Korea Inc.)","-","-","-","-","  5.52 ","-"
"IQTR9822643",Oct-23-2000,Dec-31-2000,"Merger/Acquisition","Seller","Cochin Pipeline Co.","NOVA Chemicals Corporation","DuPont de Nemours, Inc. (NYSE:DD)","-","-","-","-","  119.0 ","-"
"IQTR6815340",Oct-20-2000,Nov-17-2000,"Merger/Acquisition","Buyer","Collaborative BioAlliance, Inc.","DuPont de Nemours, Inc. (NYSE:DD)","Collaborative Group","-","-","-","-","-","-"
"IQTR6815383",Oct-20-2000,Nov-17-2000,"Merger/Acquisition","Buyer","Collaborative Smithfield Corp.","DuPont de Nemours, Inc. (NYSE:DD)","Collaborative Group","-","-","-","-","-","-"
"IQTR7281532",Aug-11-2000,"-","Merger/Acquisition","Buyer","Integral Compounding","DuPont de Nemours, Inc. (NYSE:DD)","Walsin Lihwa Corporation (TSEC:1605)","-","-","-","-","-","-"
"IQTR10066042",Mar-24-2000,May-01-2000,"Merger/Acquisition","Buyer","General Latex and Chemical Corporation","DuPont de Nemours, Inc. (NYSE:DD)",,"-","-","-","-","-","-"
"IQTR457523",Feb-07-2000,Mar-31-2000,"Private Placement","Buyer","ChemConnect, Inc.","Abbott Laboratories (NYSE:ABT); Air Liquide Ventures; BASF Aktiengesellschaft (nka:BASF SE (XTRA:BAS)); Bayer Aktiengesellschaft (XTRA:BAYN); Blackstone Crystal Holdings Capital Partners (Cayman) IV Ltd. (nka:Celanese Corporation (NYSE:CE)); Borealis Exploration Limited (OTCPK:BORE.F); BP Amoco plc (nka:BP PLC (LSE:BP.)); Chase H&Q, Investment Arm; Citigroup Inc. (NYSE:C); CK Witco Corporation (nka:LANXESS Solutions US Inc.); DSM NV (nka:Koninklijke DSM N.V. (ENXTAM:DSM)); DuPont de Nemours, Inc. (NYSE:DD); Eastman Chemical Texas City, Inc.; Eastman Ventures; ECT Merchant Investments; Enichem S.p.A. (nka:Syndial S.p.A.); Enron North America Corp.; GE Equity; Goldman Sachs Group, Merchant Banking Division (nka:West Street Capital Partners); Highland Capital Partners; Huntsman Corporation (NYSE:HUN); Hyundai Securities America Inc.; IHS Chemical Week, Inc.; Imperial Chemical Industries PLC (nka:Imperial Chemical Industries Limited); Institutional Venture Partners; Marubeni America Corporation; Mitsubishi Corporation (TSE:8058); Mitsui & Co. Global Investment, Inc.; Morgan Stanley Dean Witter Equity Funding, Inc.; Morgan Stanley Venture Partners; NOVA Chemicals Corporation; Occidental Chemical Corporation; Owens Corning (NYSE:OC); PPG Industries, Inc. (NYSE:PPG); Praxair, Inc. (nka:Linde plc (NYSE:LIN)); Presidio Partners; Presidio Venture Partners (nka:Presidio STX, LLC); Reichhold LLC 2; Repsol, S.A. (nka:Repsol, S.A. (BME:REP)); Rohm and Haas Company; SABIC Americas, Inc.; SAP Ventures (nka:Sapphire Ventures LLC); Saudi Basic Industries Corporation (SASE:2010); Solutia Inc.; Sumitomo Corporation (TSE:8053); UpStart Communications; Vulcan Capital; Weiss, Peck & Greer Venture Partners (nka:Lightspeed Venture Partners); Westlake Chemical Corporation (NYSE:WLK) Buyer Funds: CMEA Life Sciences Fund, L.P.; CMEA Ventures II, L.P.; Highland Capital Partners IV, L.P.; Institutional Venture Partners VIII, L.P.; Morgan Stanley Dean Witter Venture Partners IV, L.P.; Weiss, Peck & Greer Associates V, L.P.",,3,"Series C","-","-","  71.95 ","  106.91 "
"IQTR10204386",Jan-11-2000,Feb-18-2000,"Merger/Acquisition","Buyer","Flexible Products Company","DuPont de Nemours, Inc. (NYSE:DD)",,"-","-","-","-","  160.0 ","-"
"IQTR212278436",Nov-23-1999,Dec-07-1999,"Private Placement","Buyer","ImproveNet Inc.","Arch Venture Partners, L.P.; Armstrong World Industries, Inc. (nka:Armstrong Holdings, Inc.); Clear Fir Partners, L.P.; DuPont de Nemours, Inc. (NYSE:DD); E. I. du Pont de Nemours and Company; Kellett Investment Corporation; MGN Opportunity Group, L.L.C.; Microsoft Corporation (NasdaqGS:MSFT); Owens Corning (NYSE:OC); QBB Management I, LLC; Staenberg Venture Partners; Zero Stage Capital Buyer Funds: ARCH Venture Fund III, L.P.; Staenberg Private Capital, LLC; Zero Stage Capital VI, L.P.",,3,"Series E","-","-","  35.06 ","  74.34 "
"IQTR666006",Aug-04-1999,Feb-06-2001,"Merger/Acquisition","Buyer","Union Carbide Corporation","DuPont de Nemours, Inc. (NYSE:DD)",,"-","-","-","-","  11,509.92 ","-"
"IQTR11314495",Aug-02-1999,Oct-01-1999,"Merger/Acquisition","Buyer","CanStates Holdings, Inc.","DuPont de Nemours, Inc. (NYSE:DD)","TransCanada PipeLines Limited","-","-","-","-","-","-"
"IQTR450898",Jul-31-1999,Dec-31-1999,"Private Placement","Buyer","ChemConnect, Inc.","Accenture Technology Ventures; DuPont de Nemours, Inc. (NYSE:DD); Eastman Ventures; Goldman Sachs Group, Merchant Banking Division (nka:West Street Capital Partners); Highland Capital Partners; IHS Chemical Week, Inc.; Institutional Venture Partners; Presidio Partners; Rohm and Haas Company; Weiss, Peck & Greer Venture Partners (nka:Lightspeed Venture Partners) Buyer Funds: CMEA Life Sciences Fund, L.P.; CMEA Ventures II, L.P.; Highland Capital Partners IV, L.P.; Institutional Venture Partners VIII, L.P.; Weiss, Peck & Greer Associates V, L.P.",,2,"Series B","-","-","  30.63 ","  34.96 "
"IQTR11899320",Jun-18-1999,Jun-18-1999,"Merger/Acquisition","Buyer","PT Pacific Indomas Pratama Indonesia","DuPont de Nemours, Inc. (NYSE:DD)","Salim Group","-","-","-","-","-","-"
"IQTR12762534",Oct-28-1998,Nov-30-1998,"Merger/Acquisition","Seller","Dow-United Technologies Composite Products, Inc.","GKN Aerospace Services Limited","DuPont de Nemours, Inc. (NYSE:DD); United Technologies Corporation (NYSE:UTX)","-","-","-","-","  62.5 ","-"
"IQTR12701520",Aug-31-1998,Sep-25-1998,"Merger/Acquisition","Seller","Dow Chemical Company, Plastic Lined Piping Products Division","Crane Resistoflex, Inc.","DuPont de Nemours, Inc. (NYSE:DD)","-","-","-","-","  24.0 ","-"
"IQTR13374642",Jun-24-1998,Aug-03-1998,"Merger/Acquisition","Seller","Radian International LLC","Dames & Moore Group","DuPont de Nemours, Inc. (NYSE:DD)","-","-","-","-","  117.0 ","-"
"IQTR22322579",Jun-01-1998,Jun-01-1998,"Merger/Acquisition","Seller","Chemtech II L.P.",,"DuPont de Nemours, Inc. (NYSE:DD)","-","-","-","-","  200.0 ","-"
"IQTR22322517",Jan-01-1998,"-","Merger/Acquisition","Buyer","Chemtech II L.P.","DuPont de Nemours, Inc. (NYSE:DD)",,"-","-","-","-","  210.0 ","-"
"IQTR1689900",Dec-31-1997,Dec-31-1997,"Merger/Acquisition","Buyer","Hampshire Chemical Corporation","DuPont de Nemours, Inc. (NYSE:DD)",,"-","-","-","-","-","-"
"IQTR281150415",Jun-07-1996,Jul-16-1996,"Merger/Acquisition","Seller","Univar Corporation","Koninklijke Vopak N.V. (ENXTAM:VPK)","DuPont de Nemours, Inc. (NYSE:DD)","-","-","-","-","  529.14 ","-"
"IQTR12072861",Dec-31-1995,"-","Merger/Acquisition","Buyer","Dendritech, Inc.","DuPont de Nemours, Inc. (NYSE:DD)","Michigan Molecular Institute","-","-","-","-","-","-"
"IQTR244990049",Nov-16-1987,Dec-31-1987,"Merger/Acquisition","Buyer","United Agriseeds, Inc.","DuPont de Nemours, Inc. (NYSE:DD)",,"-","-","-","-","  45.0 ","-"
